{"E:\\HarmonyOSDev\\Project\\Homework3_1\\entry\\src\\main\\config.json":{"hashValue":"a4b3da95675f36a13444a241fe28a8ba","name":"config.json","path":"E:\\HarmonyOSDev\\Project\\Homework3_1\\entry\\src\\main\\config.json","type":"file","isSymbolicLink":false,"fileMetaData":{"size":1503,"lastModifiedTime":1685794921679}},"E:\\HarmonyOSDev\\Project\\Homework3_1\\entry\\.preview\\default\\intermediates\\merge_profile\\default\\config.json":{"hashValue":"763f0d1568a91c4eaf0285d0d2b69193","name":"config.json","path":"E:\\HarmonyOSDev\\Project\\Homework3_1\\entry\\.preview\\default\\intermediates\\merge_profile\\default\\config.json","type":"file","isSymbolicLink":false,"fileMetaData":{"size":1335,"lastModifiedTime":1685794953944}},"E:\\HarmonyOSDev\\Project\\Homework3_1\\entry\\.preview\\default\\intermediates\\manifest\\default":{"hashValue":"3cda67a6eb986c010ada7475019f79aa","name":"default","path":"E:\\HarmonyOSDev\\Project\\Homework3_1\\entry\\.preview\\default\\intermediates\\manifest\\default","type":"directory","isSymbolicLink":false,"children":[{"hashValue":"0d4fd4aba3b77edb2e224e00d15b34a2","name":"MainAbility","path":"E:\\HarmonyOSDev\\Project\\Homework3_1\\entry\\.preview\\default\\intermediates\\manifest\\default\\MainAbility","type":"directory","isSymbolicLink":false,"children":[{"hashValue":"eb342faee3fd7e17829207b0d651acfb","name":"manifest.json","path":"E:\\HarmonyOSDev\\Project\\Homework3_1\\entry\\.preview\\default\\intermediates\\manifest\\default\\MainAbility\\manifest.json","type":"file","isSymbolicLink":false,"fileMetaData":{"size":289,"lastModifiedTime":1685794953947}}]}]},"E:\\HarmonyOSDev\\Project\\Homework3_1\\entry\\.preview\\default\\intermediates\\loader\\default\\MainAbility\\loader.json":{"hashValue":"b26497a1cc615b66925258b59d035096","name":"loader.json","path":"E:\\HarmonyOSDev\\Project\\Homework3_1\\entry\\.preview\\default\\intermediates\\loader\\default\\MainAbility\\loader.json","type":"file","isSymbolicLink":false,"fileMetaData":{"size":160,"lastModifiedTime":1685794953949}},"E:\\HarmonyOSDev\\Project\\Homework3_1\\entry\\build-profile.json5":{"hashValue":"6535084443b9661dbbd38cfdd19f1157","name":"build-profile.json5","path":"E:\\HarmonyOSDev\\Project\\Homework3_1\\entry\\build-profile.json5","type":"file","isSymbolicLink":false,"fileMetaData":{"size":189,"lastModifiedTime":1685794867155}},"E:\\HarmonyOSDev\\Project\\Homework3_1\\entry\\.preview\\default\\intermediates\\process_profile\\default\\config.json":{"hashValue":"b35649e7ce2d306bf23d08e7b86efe65","name":"config.json","path":"E:\\HarmonyOSDev\\Project\\Homework3_1\\entry\\.preview\\default\\intermediates\\process_profile\\default\\config.json","type":"file","isSymbolicLink":false,"fileMetaData":{"size":996,"lastModifiedTime":1685794954121}},"E:\\HarmonyOSDev\\Project\\Homework3_1\\entry\\src\\main\\resources":{"hashValue":"8267bf011d1de91bdf4bf5cc8c337e74","name":"resources","path":"E:\\HarmonyOSDev\\Project\\Homework3_1\\entry\\src\\main\\resources","type":"directory","isSymbolicLink":false,"children":[{"hashValue":"f4edbf42e37565699292258b32bb5b4c","name":"base","path":"E:\\HarmonyOSDev\\Project\\Homework3_1\\entry\\src\\main\\resources\\base","type":"directory","isSymbolicLink":false,"children":[{"hashValue":"a4fc04cfda7d1690603708d1c04c8aab","name":"element","path":"E:\\HarmonyOSDev\\Project\\Homework3_1\\entry\\src\\main\\resources\\base\\element","type":"directory","isSymbolicLink":false,"children":[{"hashValue":"157664f5fa75dd7dcb540f1d441ad9ec","name":"color.json","path":"E:\\HarmonyOSDev\\Project\\Homework3_1\\entry\\src\\main\\resources\\base\\element\\color.json","type":"file","isSymbolicLink":false,"fileMetaData":{"size":105,"lastModifiedTime":1685794841922}},{"hashValue":"e959de54a43a8218119a15319f7795bc","name":"string.json","path":"E:\\HarmonyOSDev\\Project\\Homework3_1\\entry\\src\\main\\resources\\base\\element\\string.json","type":"file","isSymbolicLink":false,"fileMetaData":{"size":245,"lastModifiedTime":1685794867130}}]},{"hashValue":"9200c95fa38b438e55469bc03c2953ce","name":"media","path":"E:\\HarmonyOSDev\\Project\\Homework3_1\\entry\\src\\main\\resources\\base\\media","type":"directory","isSymbolicLink":false,"children":[{"hashValue":"0947a2fa61f343bdb6c8519887f31753","name":"icon.png","path":"E:\\HarmonyOSDev\\Project\\Homework3_1\\entry\\src\\main\\resources\\base\\media\\icon.png","type":"file","isSymbolicLink":false,"fileMetaData":{"size":6790,"lastModifiedTime":1685794841927}}]}]},{"hashValue":"0333df1858ffc578f6444b58a6accbc6","name":"en_US","path":"E:\\HarmonyOSDev\\Project\\Homework3_1\\entry\\src\\main\\resources\\en_US","type":"directory","isSymbolicLink":false,"children":[{"hashValue":"43da6b52e648337640be07f8a38ffd05","name":"element","path":"E:\\HarmonyOSDev\\Project\\Homework3_1\\entry\\src\\main\\resources\\en_US\\element","type":"directory","isSymbolicLink":false,"children":[{"hashValue":"e24d8bd891215db54dace78e0884215f","name":"string.json","path":"E:\\HarmonyOSDev\\Project\\Homework3_1\\entry\\src\\main\\resources\\en_US\\element\\string.json","type":"file","isSymbolicLink":false,"fileMetaData":{"size":245,"lastModifiedTime":1685794867135}}]}]},{"hashValue":"","name":"rawfile","path":"E:\\HarmonyOSDev\\Project\\Homework3_1\\entry\\src\\main\\resources\\rawfile","type":"directory","isSymbolicLink":false,"children":[]},{"hashValue":"4da3faf8d056f0c25b23b2fa846b0d11","name":"zh_CN","path":"E:\\HarmonyOSDev\\Project\\Homework3_1\\entry\\src\\main\\resources\\zh_CN","type":"directory","isSymbolicLink":false,"children":[{"hashValue":"ae3ee6e2fb5cb9d7ccc6e8a8aab99626","name":"element","path":"E:\\HarmonyOSDev\\Project\\Homework3_1\\entry\\src\\main\\resources\\zh_CN\\element","type":"directory","isSymbolicLink":false,"children":[{"hashValue":"7c830ef0dcf5faaf28e5cfbcc8cb3ff6","name":"string.json","path":"E:\\HarmonyOSDev\\Project\\Homework3_1\\entry\\src\\main\\resources\\zh_CN\\element\\string.json","type":"file","isSymbolicLink":false,"fileMetaData":{"size":239,"lastModifiedTime":1685794867140}}]}]}]},"E:\\HarmonyOSDev\\Project\\Homework3_1\\entry\\.preview\\default\\intermediates\\res\\default":{"hashValue":"9f8d0af4bb303fb26b96a21431ed96f7","name":"default","path":"E:\\HarmonyOSDev\\Project\\Homework3_1\\entry\\.preview\\default\\intermediates\\res\\default","type":"directory","isSymbolicLink":false,"children":[{"hashValue":"1962c3f53a35870942eba5f866337dfd","name":"config.json","path":"E:\\HarmonyOSDev\\Project\\Homework3_1\\entry\\.preview\\default\\intermediates\\res\\default\\config.json","type":"file","isSymbolicLink":false,"fileMetaData":{"size":2482,"lastModifiedTime":1685794954240}},{"hashValue":"bbc3e2a4e4e43fef2499e8b9eabb9408","name":"module_compiled","path":"E:\\HarmonyOSDev\\Project\\Homework3_1\\entry\\.preview\\default\\intermediates\\res\\default\\module_compiled","type":"directory","isSymbolicLink":false,"children":[{"hashValue":"14e74797ac39e5e04e1f273a14fcee7d","name":"10279435303517349988","path":"E:\\HarmonyOSDev\\Project\\Homework3_1\\entry\\.preview\\default\\intermediates\\res\\default\\module_compiled\\10279435303517349988","type":"file","isSymbolicLink":false,"fileMetaData":{"size":142,"lastModifiedTime":1685794954179}},{"hashValue":"b4c8bc6ac4bcf9e1b9050591d362f187","name":"13555742061289381148","path":"E:\\HarmonyOSDev\\Project\\Homework3_1\\entry\\.preview\\default\\intermediates\\res\\default\\module_compiled\\13555742061289381148","type":"file","isSymbolicLink":false,"fileMetaData":{"size":471,"lastModifiedTime":1685794954180}},{"hashValue":"baa7ac3a701e9a5ed153534d6b44958c","name":"2487043509653067398","path":"E:\\HarmonyOSDev\\Project\\Homework3_1\\entry\\.preview\\default\\intermediates\\res\\default\\module_compiled\\2487043509653067398","type":"file","isSymbolicLink":false,"fileMetaData":{"size":417,"lastModifiedTime":1685794954179}},{"hashValue":"7095173c4eeb2d42765634e35cb130b8","name":"5885721166099956795","path":"E:\\HarmonyOSDev\\Project\\Homework3_1\\entry\\.preview\\default\\intermediates\\res\\default\\module_compiled\\5885721166099956795","type":"file","isSymbolicLink":false,"fileMetaData":{"size":465,"lastModifiedTime":1685794954181}},{"hashValue":"d82941f155516ff9a02bf4d76d7603bc","name":"8901730814582875688","path":"E:\\HarmonyOSDev\\Project\\Homework3_1\\entry\\.preview\\default\\intermediates\\res\\default\\module_compiled\\8901730814582875688","type":"file","isSymbolicLink":false,"fileMetaData":{"size":196,"lastModifiedTime":1685794954180}}]},{"hashValue":"9395f527c5e6181817a2f580a4ecc4a6","name":"resources.index","path":"E:\\HarmonyOSDev\\Project\\Homework3_1\\entry\\.preview\\default\\intermediates\\res\\default\\resources.index","type":"file","isSymbolicLink":false,"fileMetaData":{"size":856,"lastModifiedTime":1685794954238}},{"hashValue":"f03fef1e73216c86cba3990b6d2168a7","name":"ResourceTable.txt","path":"E:\\HarmonyOSDev\\Project\\Homework3_1\\entry\\.preview\\default\\intermediates\\res\\default\\ResourceTable.txt","type":"file","isSymbolicLink":false,"fileMetaData":{"size":163,"lastModifiedTime":1685794954241}}]},"E:\\HarmonyOSDev\\Project\\Homework3_1\\entry\\.preview\\default\\cache\\default\\r\\ResourceTable.h":{"hashValue":"02c7d7d086bd9b8eb34114366c6479ae","name":"ResourceTable.h","path":"E:\\HarmonyOSDev\\Project\\Homework3_1\\entry\\.preview\\default\\cache\\default\\r\\ResourceTable.h","type":"file","isSymbolicLink":false,"fileMetaData":{"size":954,"lastModifiedTime":1685794954241}},"E:\\HarmonyOSDev\\Project\\Homework3_1\\entry\\.preview\\default\\cache\\default\\r":{"hashValue":"903799c9a2869345963f866e21a91488","name":"r","path":"E:\\HarmonyOSDev\\Project\\Homework3_1\\entry\\.preview\\default\\cache\\default\\r","type":"directory","isSymbolicLink":false,"children":[{"hashValue":"02c7d7d086bd9b8eb34114366c6479ae","name":"ResourceTable.h","path":"E:\\HarmonyOSDev\\Project\\Homework3_1\\entry\\.preview\\default\\cache\\default\\r\\ResourceTable.h","type":"file","isSymbolicLink":false,"fileMetaData":{"size":954,"lastModifiedTime":1685794954241}}]},"{\"commandList\":[\"E:\\\\HarmonyOSDev\\\\H_SDK\\\\openharmony\\\\9\\\\toolchains\\\\restool.exe\",\"-m\",\"entry\",\"-f\",\"-j\",\"E:\\\\HarmonyOSDev\\\\Project\\\\Homework3_1\\\\entry\\\\.preview\\\\default\\\\intermediates\\\\process_profile\\\\default\\\\config.json\",\"-p\",\"com.example.homework3_1\",\"-o\",\"E:\\\\HarmonyOSDev\\\\Project\\\\Homework3_1\\\\entry\\\\.preview\\\\default\\\\intermediates\\\\res\\\\default\",\"-r\",\"E:\\\\HarmonyOSDev\\\\Project\\\\Homework3_1\\\\entry\\\\.preview\\\\default\\\\cache\\\\default\\\\r\\\\ResourceTable.h\"],\"inputFiles\":{\"_group\":{}},\"outputFiles\":{\"_group\":{}},\"existsResourceDir\":true,\"restoolLinkParamObj\":{\"moduleResourcesMap\":{},\"harResourcesMap\":{},\"outputPath\":\"E:\\\\HarmonyOSDev\\\\Project\\\\Homework3_1\\\\entry\\\\.preview\\\\default\\\\intermediates\\\\res\\\\default\",\"linkCommand\":[\"E:\\\\HarmonyOSDev\\\\H_SDK\\\\openharmony\\\\9\\\\toolchains\\\\restool.exe\",\"-m\",\"entry\",\"-f\",\"-j\",\"E:\\\\HarmonyOSDev\\\\Project\\\\Homework3_1\\\\entry\\\\.preview\\\\default\\\\intermediates\\\\process_profile\\\\default\\\\config.json\",\"-p\",\"com.example.homework3_1\",\"-r\",\"E:\\\\HarmonyOSDev\\\\Project\\\\Homework3_1\\\\entry\\\\.preview\\\\default\\\\cache\\\\default\\\\r\\\\ResourceTable.h\",\"-z\"]}}":{"hashValue":"","name":"emptyroot","path":"","type":"unknown","isSymbolicLink":false,"children":[]}}