{":Homework3_1:entry:default@LegacyPreBuild":{"_inputs":[{"dataType":"ValueEntry","value":"{\"_name\":\"BUILTIN_TASK_COMMAND\",\"_value\":\"\",\"_valueType\":\"string\",\"_hash\":\"0b5d05294fdf4e78e8482ef53eb64ac0\"}"},{"dataType":"ValueEntry","value":"{\"_name\":\"BUILTIN_TASK_ENV\",\"_value\":\"\",\"_valueType\":\"string\",\"_hash\":\"cdcdc2ec8062ca9ec1de46dbf2bbc053\"}"},{"dataType":"ValueEntry","value":"{\"_name\":\"BUILTIN_TASK_TOOLCHAIN\",\"_value\":\"\",\"_valueType\":\"string\",\"_hash\":\"e7f94a9422a8bc317a7d90b58efcb5f6\"}"},{"dataType":"ValueEntry","value":"{\"_name\":\"apiType\",\"_value\":\"faMode\",\"_valueType\":\"string\",\"_hash\":\"37e58198414fce0f1bb44aa7ab33c256\"}"},{"dataType":"ValueEntry","value":"{\"_name\":\"compatibleApiVersion\",\"_value\":9,\"_valueType\":\"number\",\"_hash\":\"8f14da7cda665d5f6676adf8a127634f\"}"},{"dataType":"ValueEntry","value":"{\"_name\":\"compileApiVersion\",\"_value\":9,\"_valueType\":\"number\",\"_hash\":\"cdd5413832c7470f85f225c67a87a683\"}"},{"dataType":"ValueEntry","value":"{\"_name\":\"isESModule\",\"_value\":false,\"_valueType\":\"boolean\",\"_hash\":\"a3b4105df5ea73f0f03c34815c0c4cb8\"}"},{"dataType":"ValueEntry","value":"{\"_name\":\"moduleType\",\"_value\":\"entry\",\"_valueType\":\"string\",\"_hash\":\"8916cb1bf82abb4625b640591bdede6a\"}"},{"dataType":"ValueEntry","value":"{\"_name\":\"profileModuleName\",\"_value\":\"entry\",\"_valueType\":\"string\",\"_hash\":\"b174ea6ff5824844dde5ad92f6b3ef2b\"}"},{"dataType":"ValueEntry","value":"{\"_name\":\"sdkToolchainsComponentVersion\",\"_value\":\"3.2.2.6\",\"_valueType\":\"string\",\"_hash\":\"424c5a8b195c70a7201ed6d9826108fe\"}"},{"dataType":"ValueEntry","value":"{\"_name\":\"targetStatusCode\",\"_value\":2,\"_valueType\":\"number\",\"_hash\":\"5a9255c0f4ee50904a9349ebafca8369\"}"}],"_successful":true,"_projectName":"Homework3_1","_moduleName":"entry","_taskName":"default@LegacyPreBuild","_key":":Homework3_1:entry:default@LegacyPreBuild","_executionId":":Homework3_1:entry:default@LegacyPreBuild:1685794953734","_inputFiles":{"dataType":"Map","value":[["E:\\HarmonyOSDev\\Project\\Homework3_1\\entry\\src\\main\\config.json",{"isDirectory":false,"fileSnapShotHashValue":"a4b3da95675f36a13444a241fe28a8ba"}]]},"_outputFiles":{"dataType":"Map","value":[]}},":Homework3_1:entry:default@LegacyMergeProfile":{"_inputs":[{"dataType":"ValueEntry","value":"{\"_name\":\"BUILTIN_TASK_COMMAND\",\"_value\":\"\",\"_valueType\":\"string\",\"_hash\":\"0b5d05294fdf4e78e8482ef53eb64ac0\"}"},{"dataType":"ValueEntry","value":"{\"_name\":\"BUILTIN_TASK_ENV\",\"_value\":\"\",\"_valueType\":\"string\",\"_hash\":\"cdcdc2ec8062ca9ec1de46dbf2bbc053\"}"},{"dataType":"ValueEntry","value":"{\"_name\":\"BUILTIN_TASK_TOOLCHAIN\",\"_value\":\"\",\"_valueType\":\"string\",\"_hash\":\"e7f94a9422a8bc317a7d90b58efcb5f6\"}"},{"dataType":"ValueEntry","value":"{\"_name\":\"buildRoot\",\"_value\":\".preview\",\"_valueType\":\"string\",\"_hash\":\"88e9a315669657b02bc470a13f92befe\"}"},{"dataType":"ValueEntry","value":"{\"_name\":\"compatibleSdkVersion\",\"_value\":9,\"_valueType\":\"number\",\"_hash\":\"789a8631987a2e2b1a03b001c78d0180\"}"},{"dataType":"ValueEntry","value":"{\"_name\":\"isDebug\",\"_value\":true,\"_valueType\":\"boolean\",\"_hash\":\"edbf05a2d2be2c385e75d9565a48d419\"}"},{"dataType":"ValueEntry","value":"{\"_name\":\"releaseType\",\"_value\":\"Beta1\",\"_valueType\":\"string\",\"_hash\":\"1a006c1958194950c056f6e6aa5438b0\"}"},{"dataType":"ValueEntry","value":"{\"_name\":\"targetSdkVersion\",\"_value\":9,\"_valueType\":\"number\",\"_hash\":\"09b2bdc967d8b97f7b9bf4f19735497e\"}"}],"_successful":true,"_projectName":"Homework3_1","_moduleName":"entry","_taskName":"default@LegacyMergeProfile","_key":":Homework3_1:entry:default@LegacyMergeProfile","_executionId":":Homework3_1:entry:default@LegacyMergeProfile:1685794953941","_inputFiles":{"dataType":"Map","value":[["E:\\HarmonyOSDev\\Project\\Homework3_1\\entry\\src\\main\\config.json",{"fileSnapShotHashValue":"a4b3da95675f36a13444a241fe28a8ba"}]]},"_outputFiles":{"dataType":"Map","value":[["E:\\HarmonyOSDev\\Project\\Homework3_1\\entry\\.preview\\default\\intermediates\\merge_profile\\default\\config.json",{"fileSnapShotHashValue":"763f0d1568a91c4eaf0285d0d2b69193"}]]}},":Homework3_1:entry:default@LegacyGenerateJsManifest":{"_inputs":[{"dataType":"ValueEntry","value":"{\"_name\":\"ABILITIES_HASH\",\"_value\":\"d751713988987e9331980363e24189ce\",\"_valueType\":\"string\",\"_hash\":\"f7357881de3429e54571dc87ec67c404\"}"},{"dataType":"ValueEntry","value":"{\"_name\":\"ABI_OBJ_HASH\",\"_value\":\"f73713614567ab7630651c30e11f40cb\",\"_valueType\":\"string\",\"_hash\":\"7cf7eadb9ecc6fe0aac1f9a58f0e4630\"}"},{"dataType":"ValueEntry","value":"{\"_name\":\"BUILTIN_TASK_COMMAND\",\"_value\":\"\",\"_valueType\":\"string\",\"_hash\":\"0b5d05294fdf4e78e8482ef53eb64ac0\"}"},{"dataType":"ValueEntry","value":"{\"_name\":\"BUILTIN_TASK_ENV\",\"_value\":\"\",\"_valueType\":\"string\",\"_hash\":\"cdcdc2ec8062ca9ec1de46dbf2bbc053\"}"},{"dataType":"ValueEntry","value":"{\"_name\":\"BUILTIN_TASK_TOOLCHAIN\",\"_value\":\"\",\"_valueType\":\"string\",\"_hash\":\"e7f94a9422a8bc317a7d90b58efcb5f6\"}"},{"dataType":"ValueEntry","value":"{\"_name\":\"CONFIG_OBJ\",\"_value\":\"88d1fd2acabd7a882695dfc4e87d94db\",\"_valueType\":\"string\",\"_hash\":\"0625fcc4b9927d3f3cbe1e6357e554c0\"}"},{"dataType":"ValueEntry","value":"{\"_name\":\"HAS_LITE_DEVICE\",\"_value\":false,\"_valueType\":\"boolean\",\"_hash\":\"e29d1645b32f605c4574c70c1464186c\"}"},{"dataType":"ValueEntry","value":"{\"_name\":\"MIN_PLATFORM_VERSION\",\"_value\":9,\"_valueType\":\"number\",\"_hash\":\"7d71010940056e296fc67e2bb267d2bc\"}"},{"dataType":"ValueEntry","value":"{\"_name\":\"PREVIEWER_REPLACE_PAGE\",\"_valueType\":\"undefined\",\"_hash\":\"3639be47d3d2ca8aebcdfcb1d2ed902c\"}"},{"dataType":"ValueEntry","value":"{\"_name\":\"PREVIEWER_REPLACE_SRCPATH\",\"_valueType\":\"undefined\",\"_hash\":\"87c8734cdd76ef404568e7fd0eb4edd7\"}"}],"_successful":true,"_projectName":"Homework3_1","_moduleName":"entry","_taskName":"default@LegacyGenerateJsManifest","_key":":Homework3_1:entry:default@LegacyGenerateJsManifest","_executionId":":Homework3_1:entry:default@LegacyGenerateJsManifest:1685794953945","_inputFiles":{"dataType":"Map","value":[]},"_outputFiles":{"dataType":"Map","value":[["E:\\HarmonyOSDev\\Project\\Homework3_1\\entry\\.preview\\default\\intermediates\\manifest\\default",{"fileSnapShotHashValue":"3cda67a6eb986c010ada7475019f79aa"}]]}},":Homework3_1:entry:default@LegacyGenerateLoaderJson":{"_inputs":[{"dataType":"ValueEntry","value":"{\"_name\":\"BUILTIN_TASK_COMMAND\",\"_value\":\"\",\"_valueType\":\"string\",\"_hash\":\"0b5d05294fdf4e78e8482ef53eb64ac0\"}"},{"dataType":"ValueEntry","value":"{\"_name\":\"BUILTIN_TASK_ENV\",\"_value\":\"\",\"_valueType\":\"string\",\"_hash\":\"cdcdc2ec8062ca9ec1de46dbf2bbc053\"}"},{"dataType":"ValueEntry","value":"{\"_name\":\"BUILTIN_TASK_TOOLCHAIN\",\"_value\":\"\",\"_valueType\":\"string\",\"_hash\":\"e7f94a9422a8bc317a7d90b58efcb5f6\"}"},{"dataType":"ValueEntry","value":"{\"_name\":\"modulePathMap\",\"_value\":\"{\\\"entry\\\":\\\"E:\\\\\\\\HarmonyOSDev\\\\\\\\Project\\\\\\\\Homework3_1\\\\\\\\entry\\\"}\",\"_valueType\":\"string\",\"_hash\":\"882b631600a6273a6dbe3cfb353ce7b8\"}"},{"dataType":"ValueEntry","value":"{\"_name\":\"multiResourceBuildArray\",\"_value\":\"[null]\",\"_valueType\":\"string\",\"_hash\":\"43a4d5a96381f569e2a4aab7d3946f37\"}"},{"dataType":"ValueEntry","value":"{\"_name\":\"projectRootPath\",\"_value\":\"E:\\\\HarmonyOSDev\\\\Project\\\\Homework3_1\",\"_valueType\":\"string\",\"_hash\":\"6ff51167185d610386dd438d69d3f64a\"}"}],"_successful":true,"_projectName":"Homework3_1","_moduleName":"entry","_taskName":"default@LegacyGenerateLoaderJson","_key":":Homework3_1:entry:default@LegacyGenerateLoaderJson","_executionId":":Homework3_1:entry:default@LegacyGenerateLoaderJson:1685794953947","_inputFiles":{"dataType":"Map","value":[]},"_outputFiles":{"dataType":"Map","value":[["E:\\HarmonyOSDev\\Project\\Homework3_1\\entry\\.preview\\default\\intermediates\\loader\\default\\MainAbility\\loader.json",{"fileSnapShotHashValue":"b26497a1cc615b66925258b59d035096"}]]}},":Homework3_1:entry:default@LegacyProcessProfile":{"_inputs":[{"dataType":"ValueEntry","value":"{\"_name\":\"BUILTIN_TASK_COMMAND\",\"_value\":\"\",\"_valueType\":\"string\",\"_hash\":\"0b5d05294fdf4e78e8482ef53eb64ac0\"}"},{"dataType":"ValueEntry","value":"{\"_name\":\"BUILTIN_TASK_ENV\",\"_value\":\"\",\"_valueType\":\"string\",\"_hash\":\"cdcdc2ec8062ca9ec1de46dbf2bbc053\"}"},{"dataType":"ValueEntry","value":"{\"_name\":\"BUILTIN_TASK_TOOLCHAIN\",\"_value\":\"\",\"_valueType\":\"string\",\"_hash\":\"e7f94a9422a8bc317a7d90b58efcb5f6\"}"},{"dataType":"ValueEntry","value":"{\"_name\":\"arkEnable\",\"_value\":true,\"_valueType\":\"boolean\",\"_hash\":\"750b4bda198545a67903dfb3f6a00a95\"}"},{"dataType":"ValueEntry","value":"{\"_name\":\"deviceTypes\",\"_value\":[\"phone\"],\"_valueType\":\"object\",\"_hash\":\"bad57feb108b0c386255b211cb9b3622\"}"}],"_successful":true,"_projectName":"Homework3_1","_moduleName":"entry","_taskName":"default@LegacyProcessProfile","_key":":Homework3_1:entry:default@LegacyProcessProfile","_executionId":":Homework3_1:entry:default@LegacyProcessProfile:1685794953954","_inputFiles":{"dataType":"Map","value":[["E:\\HarmonyOSDev\\Project\\Homework3_1\\entry\\.preview\\default\\intermediates\\merge_profile\\default\\config.json",{"fileSnapShotHashValue":"763f0d1568a91c4eaf0285d0d2b69193"}],["E:\\HarmonyOSDev\\Project\\Homework3_1\\entry\\build-profile.json5",{"fileSnapShotHashValue":"6535084443b9661dbbd38cfdd19f1157"}]]},"_outputFiles":{"dataType":"Map","value":[["E:\\HarmonyOSDev\\Project\\Homework3_1\\entry\\.preview\\default\\intermediates\\process_profile\\default\\config.json",{"fileSnapShotHashValue":"b35649e7ce2d306bf23d08e7b86efe65"}]]}},":Homework3_1:entry:default@LegacyPreviewProcessResource":{"_inputs":[{"dataType":"ValueEntry","value":"{\"_name\":\"previewCompileResourcesCommand\",\"_value\":\"{\\\"commandList\\\":[\\\"E:\\\\\\\\HarmonyOSDev\\\\\\\\H_SDK\\\\\\\\openharmony\\\\\\\\9\\\\\\\\toolchains\\\\\\\\restool.exe\\\",\\\"-m\\\",\\\"entry\\\",\\\"-f\\\",\\\"-j\\\",\\\"E:\\\\\\\\HarmonyOSDev\\\\\\\\Project\\\\\\\\Homework3_1\\\\\\\\entry\\\\\\\\.preview\\\\\\\\default\\\\\\\\intermediates\\\\\\\\process_profile\\\\\\\\default\\\\\\\\config.json\\\",\\\"-p\\\",\\\"com.example.homework3_1\\\",\\\"-o\\\",\\\"E:\\\\\\\\HarmonyOSDev\\\\\\\\Project\\\\\\\\Homework3_1\\\\\\\\entry\\\\\\\\.preview\\\\\\\\default\\\\\\\\intermediates\\\\\\\\res\\\\\\\\default\\\",\\\"-r\\\",\\\"E:\\\\\\\\HarmonyOSDev\\\\\\\\Project\\\\\\\\Homework3_1\\\\\\\\entry\\\\\\\\.preview\\\\\\\\default\\\\\\\\cache\\\\\\\\default\\\\\\\\r\\\\\\\\ResourceTable.h\\\"],\\\"inputFiles\\\":{\\\"_group\\\":{}},\\\"outputFiles\\\":{\\\"_group\\\":{}},\\\"existsResourceDir\\\":true,\\\"restoolLinkParamObj\\\":{\\\"moduleResourcesMap\\\":{},\\\"harResourcesMap\\\":{},\\\"outputPath\\\":\\\"E:\\\\\\\\HarmonyOSDev\\\\\\\\Project\\\\\\\\Homework3_1\\\\\\\\entry\\\\\\\\.preview\\\\\\\\default\\\\\\\\intermediates\\\\\\\\res\\\\\\\\default\\\",\\\"linkCommand\\\":[\\\"E:\\\\\\\\HarmonyOSDev\\\\\\\\H_SDK\\\\\\\\openharmony\\\\\\\\9\\\\\\\\toolchains\\\\\\\\restool.exe\\\",\\\"-m\\\",\\\"entry\\\",\\\"-f\\\",\\\"-j\\\",\\\"E:\\\\\\\\HarmonyOSDev\\\\\\\\Project\\\\\\\\Homework3_1\\\\\\\\entry\\\\\\\\.preview\\\\\\\\default\\\\\\\\intermediates\\\\\\\\process_profile\\\\\\\\default\\\\\\\\config.json\\\",\\\"-p\\\",\\\"com.example.homework3_1\\\",\\\"-r\\\",\\\"E:\\\\\\\\HarmonyOSDev\\\\\\\\Project\\\\\\\\Homework3_1\\\\\\\\entry\\\\\\\\.preview\\\\\\\\default\\\\\\\\cache\\\\\\\\default\\\\\\\\r\\\\\\\\ResourceTable.h\\\",\\\"-z\\\"]}}\",\"_valueType\":\"string\"}"},{"dataType":"ValueEntry","value":"{\"_name\":\"BUILTIN_TASK_COMMAND\",\"_value\":\"\",\"_valueType\":\"string\"}"},{"dataType":"ValueEntry","value":"{\"_name\":\"BUILTIN_TASK_TOOLCHAIN\",\"_value\":\"\",\"_valueType\":\"string\"}"},{"dataType":"ValueEntry","value":"{\"_name\":\"BUILTIN_TASK_ENV\",\"_value\":\"\",\"_valueType\":\"string\"}"}],"_successful":true,"_projectName":"Homework3_1","_moduleName":"entry","_taskName":"default@LegacyPreviewProcessResource","_key":":Homework3_1:entry:default@LegacyPreviewProcessResource","_executionId":":Homework3_1:entry:default@LegacyPreviewProcessResource:1685798177661","_inputFiles":{"dataType":"Map","value":[]},"_outputFiles":{"dataType":"Map","value":[["{\"commandList\":[\"E:\\\\HarmonyOSDev\\\\H_SDK\\\\openharmony\\\\9\\\\toolchains\\\\restool.exe\",\"-m\",\"entry\",\"-f\",\"-j\",\"E:\\\\HarmonyOSDev\\\\Project\\\\Homework3_1\\\\entry\\\\.preview\\\\default\\\\intermediates\\\\process_profile\\\\default\\\\config.json\",\"-p\",\"com.example.homework3_1\",\"-o\",\"E:\\\\HarmonyOSDev\\\\Project\\\\Homework3_1\\\\entry\\\\.preview\\\\default\\\\intermediates\\\\res\\\\default\",\"-r\",\"E:\\\\HarmonyOSDev\\\\Project\\\\Homework3_1\\\\entry\\\\.preview\\\\default\\\\cache\\\\default\\\\r\\\\ResourceTable.h\"],\"inputFiles\":{\"_group\":{}},\"outputFiles\":{\"_group\":{}},\"existsResourceDir\":true,\"restoolLinkParamObj\":{\"moduleResourcesMap\":{},\"harResourcesMap\":{},\"outputPath\":\"E:\\\\HarmonyOSDev\\\\Project\\\\Homework3_1\\\\entry\\\\.preview\\\\default\\\\intermediates\\\\res\\\\default\",\"linkCommand\":[\"E:\\\\HarmonyOSDev\\\\H_SDK\\\\openharmony\\\\9\\\\toolchains\\\\restool.exe\",\"-m\",\"entry\",\"-f\",\"-j\",\"E:\\\\HarmonyOSDev\\\\Project\\\\Homework3_1\\\\entry\\\\.preview\\\\default\\\\intermediates\\\\process_profile\\\\default\\\\config.json\",\"-p\",\"com.example.homework3_1\",\"-r\",\"E:\\\\HarmonyOSDev\\\\Project\\\\Homework3_1\\\\entry\\\\.preview\\\\default\\\\cache\\\\default\\\\r\\\\ResourceTable.h\",\"-z\"]}}",{"isDirectory":false,"fileSnapShotHashValue":""}]]}},":Homework3_1:entry:default@LegacyPreviewCompileResource":{"_inputs":[{"dataType":"ValueEntry","value":"{\"_name\":\"BUILTIN_TASK_COMMAND\",\"_value\":\"\",\"_valueType\":\"string\",\"_hash\":\"0b5d05294fdf4e78e8482ef53eb64ac0\"}"},{"dataType":"ValueEntry","value":"{\"_name\":\"BUILTIN_TASK_ENV\",\"_value\":\"\",\"_valueType\":\"string\",\"_hash\":\"cdcdc2ec8062ca9ec1de46dbf2bbc053\"}"},{"dataType":"ValueEntry","value":"{\"_name\":\"BUILTIN_TASK_TOOLCHAIN\",\"_value\":\"E:\\\\HarmonyOSDev\\\\H_SDK\\\\openharmony\\\\9\\\\toolchains\\\\restool.exe\",\"_valueType\":\"string\",\"_hash\":\"e4563cd3bef2b07a933c16bdd130fe4e\"}"},{"dataType":"ValueEntry","value":"{\"_name\":\"PREVIEWER_REPLACE_PAGE\",\"_valueType\":\"undefined\",\"_hash\":\"3639be47d3d2ca8aebcdfcb1d2ed902c\"}"},{"dataType":"ValueEntry","value":"{\"_name\":\"PREVIEWER_REPLACE_SRCPATH\",\"_valueType\":\"undefined\",\"_hash\":\"87c8734cdd76ef404568e7fd0eb4edd7\"}"},{"dataType":"ValueEntry","value":"{\"_name\":\"TARGET_CONFIG\",\"_value\":\"{\\\"name\\\":\\\"default\\\",\\\"runtimeOS\\\":\\\"HarmonyOS\\\"}\",\"_valueType\":\"string\",\"_hash\":\"d1734598343a94c88ec5404fdcdfa944\"}"}],"_successful":true,"_projectName":"Homework3_1","_moduleName":"entry","_taskName":"default@LegacyPreviewCompileResource","_key":":Homework3_1:entry:default@LegacyPreviewCompileResource","_executionId":":Homework3_1:entry:default@LegacyPreviewCompileResource:1685794954131","_inputFiles":{"dataType":"Map","value":[["E:\\HarmonyOSDev\\Project\\Homework3_1\\entry\\src\\main\\resources",{"fileSnapShotHashValue":"8267bf011d1de91bdf4bf5cc8c337e74"}],["E:\\HarmonyOSDev\\Project\\Homework3_1\\entry\\.preview\\default\\intermediates\\process_profile\\default\\config.json",{"isDirectory":false,"fileSnapShotHashValue":"b35649e7ce2d306bf23d08e7b86efe65"}]]},"_outputFiles":{"dataType":"Map","value":[["E:\\HarmonyOSDev\\Project\\Homework3_1\\entry\\.preview\\default\\intermediates\\res\\default",{"isDirectory":true,"fileSnapShotHashValue":"9f8d0af4bb303fb26b96a21431ed96f7"}],["E:\\HarmonyOSDev\\Project\\Homework3_1\\entry\\.preview\\default\\cache\\default\\r\\ResourceTable.h",{"isDirectory":false,"fileSnapShotHashValue":"02c7d7d086bd9b8eb34114366c6479ae"}],["E:\\HarmonyOSDev\\Project\\Homework3_1\\entry\\.preview\\default\\cache\\default\\r",{"isDirectory":true,"fileSnapShotHashValue":"903799c9a2869345963f866e21a91488"}]]}}}