{
  "version": "1.0",
  "workerIdList": [
    -1
  ],
  "metrics": [
    {
      "type": "build_line",
      "endTime": 1685798177643,
      "status": "closed",
      "children": [],
      "name": "overallTime",
      "taskName": "default@LegacyPreBuild",
      "taskPath": "entry",
      "workerId": -1,
      "startTime": 1685798177640
    },
    {
      "type": "build_line",
      "endTime": 1685798177647,
      "status": "closed",
      "children": [],
      "name": "overallTime",
      "taskName": "default@LegacyMergeProfile",
      "taskPath": "entry",
      "workerId": -1,
      "startTime": 1685798177646
    },
    {
      "type": "build_line",
      "endTime": 1685798177649,
      "status": "closed",
      "children": [],
      "name": "overallTime",
      "taskName": "default@LegacyGenerateJsManifest",
      "taskPath": "entry",
      "workerId": -1,
      "startTime": 1685798177647
    },
    {
      "type": "build_line",
      "endTime": 1685798177649,
      "status": "closed",
      "children": [],
      "name": "overallTime",
      "taskName": "default@LegacyGenerateLoaderJson",
      "taskPath": "entry",
      "workerId": -1,
      "startTime": 1685798177649
    },
    {
      "type": "build_line",
      "endTime": 1685798177659,
      "status": "closed",
      "children": [],
      "name": "overallTime",
      "taskName": "default@LegacyProcessProfile",
      "taskPath": "entry",
      "workerId": -1,
      "startTime": 1685798177658
    },
    {
      "type": "build_line",
      "endTime": 1685798177663,
      "status": "closed",
      "children": [],
      "name": "overallTime",
      "taskName": "default@LegacyPreviewProcessResource",
      "taskPath": "entry",
      "workerId": -1,
      "startTime": 1685798177660
    },
    {
      "type": "build_line",
      "endTime": 1685798177677,
      "status": "closed",
      "children": [],
      "name": "overallTime",
      "taskName": "default@LegacyPreviewCompileResource",
      "taskPath": "entry",
      "workerId": -1,
      "startTime": 1685798177664
    },
    {
      "type": "build_line",
      "endTime": 1685798177678,
      "status": "closed",
      "children": [],
      "name": "overallTime",
      "taskName": "default@LegacyHookCompileResource",
      "taskPath": "entry",
      "workerId": -1,
      "startTime": 1685798177678
    },
    {
      "type": "build_line",
      "endTime": 1685798177678,
      "status": "closed",
      "children": [],
      "name": "overallTime",
      "taskName": "buildPreviewerResource",
      "taskPath": "entry",
      "workerId": -1,
      "startTime": 1685798177678
    }
  ],
  "workLog": []
}